<?xml version="1.0" encoding="UTF-8"?>
<layout>
    <VSNode splits="0.5 0.5">
        <HSNode splits="0.25 0.25">
            <CNode>
                <Component label="Ontology header">
                    <Property id="pluginId" value="org.protege.editor.owl.OWLOntologyAnnotationsView"/>
                </Component>
            </CNode>
            <CNode>
                <Component label="Rules">
                    <Property id="pluginId" value="org.protege.editor.owl.Rules"/>
                </Component>
            </CNode>
        </HSNode>
        <CNode>
            <Component label="DL metrics">
                <Property id="pluginId" value="org.protege.editor.owl.DLMetricsView"/>
            </Component>
        </CNode>
    </VSNode>
</layout>
