<?xml version="1.0"?>
<Ontology xmlns="http://www.w3.org/2002/07/owl#"
     xml:base="http://www.loria.fr/~coulet/ontology/unit/version1.9/unit.owl"
     xmlns:rdfs="http://www.w3.org/2000/01/rdf-schema#"
     xmlns:xsd="http://www.w3.org/2001/XMLSchema#"
     xmlns:rdf="http://www.w3.org/1999/02/22-rdf-syntax-ns#"
     xmlns:xml="http://www.w3.org/XML/1998/namespace"
     ontologyIRI="http://www.loria.fr/~coulet/ontology/unit/version1.9/unit.owl">
    <Prefix name="rdf" IRI="http://www.w3.org/1999/02/22-rdf-syntax-ns#"/>
    <Prefix name="rdfs" IRI="http://www.w3.org/2000/01/rdf-schema#"/>
    <Prefix name="xsd" IRI="http://www.w3.org/2001/XMLSchema#"/>
    <Prefix name="owl" IRI="http://www.w3.org/2002/07/owl#"/>
    <Declaration>
        <Class IRI="#Roentgen_equivalent_man"/>
    </Declaration>
    <Declaration>
        <Class IRI="#absorbed_dose_unit"/>
    </Declaration>
    <Declaration>
        <Class IRI="#acceleration_unit"/>
    </Declaration>
    <Declaration>
        <Class IRI="#activity__of_a_radionuclide__unit"/>
    </Declaration>
    <Declaration>
        <Class IRI="#ampere"/>
    </Declaration>
    <Declaration>
        <Class IRI="#angle_unit"/>
    </Declaration>
    <Declaration>
        <Class IRI="#angstrom"/>
    </Declaration>
    <Declaration>
        <Class IRI="#angular_acceleration_unit"/>
    </Declaration>
    <Declaration>
        <Class IRI="#angular_velocity_unit"/>
    </Declaration>
    <Declaration>
        <Class IRI="#area_density_unit"/>
    </Declaration>
    <Declaration>
        <Class IRI="#area_unit"/>
    </Declaration>
    <Declaration>
        <Class IRI="#attomole"/>
    </Declaration>
    <Declaration>
        <Class IRI="#base_pair"/>
    </Declaration>
    <Declaration>
        <Class IRI="#base_unit"/>
    </Declaration>
    <Declaration>
        <Class IRI="#becquerel"/>
    </Declaration>
    <Declaration>
        <Class IRI="#bit"/>
    </Declaration>
    <Declaration>
        <Class IRI="#byte"/>
    </Declaration>
    <Declaration>
        <Class IRI="#candela"/>
    </Declaration>
    <Declaration>
        <Class IRI="#candela_per_square_meter"/>
    </Declaration>
    <Declaration>
        <Class IRI="#catalytic__activity__concentration_unit"/>
    </Declaration>
    <Declaration>
        <Class IRI="#catalytic_activity_unit"/>
    </Declaration>
    <Declaration>
        <Class IRI="#cell_concentration_unit"/>
    </Declaration>
    <Declaration>
        <Class IRI="#cells_per_milliliter"/>
    </Declaration>
    <Declaration>
        <Class IRI="#centimeter"/>
    </Declaration>
    <Declaration>
        <Class IRI="#century"/>
    </Declaration>
    <Declaration>
        <Class IRI="#chroma_sampling_unit"/>
    </Declaration>
    <Declaration>
        <Class IRI="#colony_forming_unit"/>
    </Declaration>
    <Declaration>
        <Class IRI="#colony_forming_unit_per_milliliter"/>
    </Declaration>
    <Declaration>
        <Class IRI="#colony_forming_unit_per_volume"/>
    </Declaration>
    <Declaration>
        <Class IRI="#concentration_unit"/>
    </Declaration>
    <Declaration>
        <Class IRI="#confluence_percentage"/>
    </Declaration>
    <Declaration>
        <Class IRI="#coulomb"/>
    </Declaration>
    <Declaration>
        <Class IRI="#count"/>
    </Declaration>
    <Declaration>
        <Class IRI="#counts_per_minute"/>
    </Declaration>
    <Declaration>
        <Class IRI="#cubic_centimeter"/>
    </Declaration>
    <Declaration>
        <Class IRI="#cubic_centimeter_per_mole"/>
    </Declaration>
    <Declaration>
        <Class IRI="#cubic_decimeter"/>
    </Declaration>
    <Declaration>
        <Class IRI="#cubic_meter"/>
    </Declaration>
    <Declaration>
        <Class IRI="#cubic_meter_per_kilogram"/>
    </Declaration>
    <Declaration>
        <Class IRI="#cubic_meter_per_mole"/>
    </Declaration>
    <Declaration>
        <Class IRI="#curie"/>
    </Declaration>
    <Declaration>
        <Class IRI="#dalton"/>
    </Declaration>
    <Declaration>
        <Class IRI="#day"/>
    </Declaration>
    <Declaration>
        <Class IRI="#deciliter"/>
    </Declaration>
    <Declaration>
        <Class IRI="#degree"/>
    </Declaration>
    <Declaration>
        <Class IRI="#degree_celsius"/>
    </Declaration>
    <Declaration>
        <Class IRI="#density_unit"/>
    </Declaration>
    <Declaration>
        <Class IRI="#derived_unit"/>
    </Declaration>
    <Declaration>
        <Class IRI="#dimensionless_unit"/>
    </Declaration>
    <Declaration>
        <Class IRI="#disintegrations_per_minute"/>
    </Declaration>
    <Declaration>
        <Class IRI="#disintegrations_per_second"/>
    </Declaration>
    <Declaration>
        <Class IRI="#dose_equivalent_unit"/>
    </Declaration>
    <Declaration>
        <Class IRI="#dots_per_inch"/>
    </Declaration>
    <Declaration>
        <Class IRI="#dynamic_range_unit"/>
    </Declaration>
    <Declaration>
        <Class IRI="#einstein_per_square_meter_per_second"/>
    </Declaration>
    <Declaration>
        <Class IRI="#electric_charge"/>
    </Declaration>
    <Declaration>
        <Class IRI="#electric_current_unit"/>
    </Declaration>
    <Declaration>
        <Class IRI="#electric_potential_difference"/>
    </Declaration>
    <Declaration>
        <Class IRI="#energy_unit"/>
    </Declaration>
    <Declaration>
        <Class IRI="#enzyme_unit"/>
    </Declaration>
    <Declaration>
        <Class IRI="#exposure_unit"/>
    </Declaration>
    <Declaration>
        <Class IRI="#fahrenheit"/>
    </Declaration>
    <Declaration>
        <Class IRI="#femtogram"/>
    </Declaration>
    <Declaration>
        <Class IRI="#femtoliter"/>
    </Declaration>
    <Declaration>
        <Class IRI="#femtomolar"/>
    </Declaration>
    <Declaration>
        <Class IRI="#femtomole"/>
    </Declaration>
    <Declaration>
        <Class IRI="#foot_candle"/>
    </Declaration>
    <Declaration>
        <Class IRI="#force_unit"/>
    </Declaration>
    <Declaration>
        <Class IRI="#fraction"/>
    </Declaration>
    <Declaration>
        <Class IRI="#frequency_unit"/>
    </Declaration>
    <Declaration>
        <Class IRI="#gram"/>
    </Declaration>
    <Declaration>
        <Class IRI="#gram_per_cubic_centimeter"/>
    </Declaration>
    <Declaration>
        <Class IRI="#gram_per_deciliter"/>
    </Declaration>
    <Declaration>
        <Class IRI="#gram_per_liter"/>
    </Declaration>
    <Declaration>
        <Class IRI="#gram_per_milliliter"/>
    </Declaration>
    <Declaration>
        <Class IRI="#gram_per_mole"/>
    </Declaration>
    <Declaration>
        <Class IRI="#gray"/>
    </Declaration>
    <Declaration>
        <Class IRI="#half_life"/>
    </Declaration>
    <Declaration>
        <Class IRI="#hertz"/>
    </Declaration>
    <Declaration>
        <Class IRI="#hour"/>
    </Declaration>
    <Declaration>
        <Class IRI="#illuminance_unit"/>
    </Declaration>
    <Declaration>
        <Class IRI="#image_resolution_unit"/>
    </Declaration>
    <Declaration>
        <Class IRI="#information_unit"/>
    </Declaration>
    <Declaration>
        <Class IRI="#irradiance_unit"/>
    </Declaration>
    <Declaration>
        <Class IRI="#joule"/>
    </Declaration>
    <Declaration>
        <Class IRI="#katal"/>
    </Declaration>
    <Declaration>
        <Class IRI="#katal_per_cubic_meter"/>
    </Declaration>
    <Declaration>
        <Class IRI="#katal_per_liter"/>
    </Declaration>
    <Declaration>
        <Class IRI="#kelvin"/>
    </Declaration>
    <Declaration>
        <Class IRI="#kibibyte"/>
    </Declaration>
    <Declaration>
        <Class IRI="#kilobyte"/>
    </Declaration>
    <Declaration>
        <Class IRI="#kilodalton"/>
    </Declaration>
    <Declaration>
        <Class IRI="#kilogram"/>
    </Declaration>
    <Declaration>
        <Class IRI="#kilogram_meter_per_second"/>
    </Declaration>
    <Declaration>
        <Class IRI="#kilogram_per_cubic_meter"/>
    </Declaration>
    <Declaration>
        <Class IRI="#kilogram_per_liter"/>
    </Declaration>
    <Declaration>
        <Class IRI="#kilogram_per_meter"/>
    </Declaration>
    <Declaration>
        <Class IRI="#kilogram_per_mole"/>
    </Declaration>
    <Declaration>
        <Class IRI="#kilogram_per_square_meter"/>
    </Declaration>
    <Declaration>
        <Class IRI="#kilovolt"/>
    </Declaration>
    <Declaration>
        <Class IRI="#kilovolt_hour"/>
    </Declaration>
    <Declaration>
        <Class IRI="#kilowatt_hour"/>
    </Declaration>
    <Declaration>
        <Class IRI="#length_unit"/>
    </Declaration>
    <Declaration>
        <Class IRI="#light_unit"/>
    </Declaration>
    <Declaration>
        <Class IRI="#linear_density_unit"/>
    </Declaration>
    <Declaration>
        <Class IRI="#liter"/>
    </Declaration>
    <Declaration>
        <Class IRI="#liter_per_kilogram"/>
    </Declaration>
    <Declaration>
        <Class IRI="#lumen"/>
    </Declaration>
    <Declaration>
        <Class IRI="#luminance_unit"/>
    </Declaration>
    <Declaration>
        <Class IRI="#luminous_flux_unit"/>
    </Declaration>
    <Declaration>
        <Class IRI="#luminous_intensity_unit"/>
    </Declaration>
    <Declaration>
        <Class IRI="#lux"/>
    </Declaration>
    <Declaration>
        <Class IRI="#magnetic_flux"/>
    </Declaration>
    <Declaration>
        <Class IRI="#magnetic_flux_density"/>
    </Declaration>
    <Declaration>
        <Class IRI="#mass_density_unit"/>
    </Declaration>
    <Declaration>
        <Class IRI="#mass_per_unit_volume"/>
    </Declaration>
    <Declaration>
        <Class IRI="#mass_percentage"/>
    </Declaration>
    <Declaration>
        <Class IRI="#mass_unit"/>
    </Declaration>
    <Declaration>
        <Class IRI="#mass_volume_percentage"/>
    </Declaration>
    <Declaration>
        <Class IRI="#mebibyte"/>
    </Declaration>
    <Declaration>
        <Class IRI="#megabyte"/>
    </Declaration>
    <Declaration>
        <Class IRI="#megavolt"/>
    </Declaration>
    <Declaration>
        <Class IRI="#meter"/>
    </Declaration>
    <Declaration>
        <Class IRI="#meter_per_second"/>
    </Declaration>
    <Declaration>
        <Class IRI="#meter_per_second_per_second"/>
    </Declaration>
    <Declaration>
        <Class IRI="#microampere"/>
    </Declaration>
    <Declaration>
        <Class IRI="#microcurie"/>
    </Declaration>
    <Declaration>
        <Class IRI="#microeinstein_per_square_meter_per_second"/>
    </Declaration>
    <Declaration>
        <Class IRI="#microgram"/>
    </Declaration>
    <Declaration>
        <Class IRI="#microgray"/>
    </Declaration>
    <Declaration>
        <Class IRI="#microliter"/>
    </Declaration>
    <Declaration>
        <Class IRI="#microliter_per_kilogram"/>
    </Declaration>
    <Declaration>
        <Class IRI="#micrometer"/>
    </Declaration>
    <Declaration>
        <Class IRI="#micromolal"/>
    </Declaration>
    <Declaration>
        <Class IRI="#micromolar"/>
    </Declaration>
    <Declaration>
        <Class IRI="#micromole"/>
    </Declaration>
    <Declaration>
        <Class IRI="#micron"/>
    </Declaration>
    <Declaration>
        <Class IRI="#microsecond"/>
    </Declaration>
    <Declaration>
        <Class IRI="#microsievert"/>
    </Declaration>
    <Declaration>
        <Class IRI="#microvolt"/>
    </Declaration>
    <Declaration>
        <Class IRI="#milliampere"/>
    </Declaration>
    <Declaration>
        <Class IRI="#millicurie"/>
    </Declaration>
    <Declaration>
        <Class IRI="#milligram"/>
    </Declaration>
    <Declaration>
        <Class IRI="#milligram_per_milliliter"/>
    </Declaration>
    <Declaration>
        <Class IRI="#milligray"/>
    </Declaration>
    <Declaration>
        <Class IRI="#milliliter"/>
    </Declaration>
    <Declaration>
        <Class IRI="#milliliter_per_cubic_meter"/>
    </Declaration>
    <Declaration>
        <Class IRI="#milliliter_per_kilogram"/>
    </Declaration>
    <Declaration>
        <Class IRI="#milliliter_per_liter"/>
    </Declaration>
    <Declaration>
        <Class IRI="#millimeter"/>
    </Declaration>
    <Declaration>
        <Class IRI="#millimolal"/>
    </Declaration>
    <Declaration>
        <Class IRI="#millimolar"/>
    </Declaration>
    <Declaration>
        <Class IRI="#millimole"/>
    </Declaration>
    <Declaration>
        <Class IRI="#millisecond"/>
    </Declaration>
    <Declaration>
        <Class IRI="#millisievert"/>
    </Declaration>
    <Declaration>
        <Class IRI="#millivolt"/>
    </Declaration>
    <Declaration>
        <Class IRI="#minute"/>
    </Declaration>
    <Declaration>
        <Class IRI="#molal"/>
    </Declaration>
    <Declaration>
        <Class IRI="#molar"/>
    </Declaration>
    <Declaration>
        <Class IRI="#molar_mass_unit"/>
    </Declaration>
    <Declaration>
        <Class IRI="#molar_volume_unit"/>
    </Declaration>
    <Declaration>
        <Class IRI="#mole"/>
    </Declaration>
    <Declaration>
        <Class IRI="#mole_fraction"/>
    </Declaration>
    <Declaration>
        <Class IRI="#molecule_count"/>
    </Declaration>
    <Declaration>
        <Class IRI="#momentum_unit"/>
    </Declaration>
    <Declaration>
        <Class IRI="#month"/>
    </Declaration>
    <Declaration>
        <Class IRI="#nanogram"/>
    </Declaration>
    <Declaration>
        <Class IRI="#nanogray"/>
    </Declaration>
    <Declaration>
        <Class IRI="#nanoliter"/>
    </Declaration>
    <Declaration>
        <Class IRI="#nanometer"/>
    </Declaration>
    <Declaration>
        <Class IRI="#nanomolal"/>
    </Declaration>
    <Declaration>
        <Class IRI="#nanomolar"/>
    </Declaration>
    <Declaration>
        <Class IRI="#nanomole"/>
    </Declaration>
    <Declaration>
        <Class IRI="#nanosecond"/>
    </Declaration>
    <Declaration>
        <Class IRI="#nanosievert"/>
    </Declaration>
    <Declaration>
        <Class IRI="#nanovolt"/>
    </Declaration>
    <Declaration>
        <Class IRI="#newton"/>
    </Declaration>
    <Declaration>
        <Class IRI="#normal"/>
    </Declaration>
    <Declaration>
        <Class IRI="#one_turn_per_second"/>
    </Declaration>
    <Declaration>
        <Class IRI="#pH"/>
    </Declaration>
    <Declaration>
        <Class IRI="#parts_per_billion"/>
    </Declaration>
    <Declaration>
        <Class IRI="#parts_per_hundred"/>
    </Declaration>
    <Declaration>
        <Class IRI="#parts_per_million"/>
    </Declaration>
    <Declaration>
        <Class IRI="#parts_per_notation"/>
    </Declaration>
    <Declaration>
        <Class IRI="#parts_per_quadrillion"/>
    </Declaration>
    <Declaration>
        <Class IRI="#parts_per_thousand"/>
    </Declaration>
    <Declaration>
        <Class IRI="#parts_per_trillion"/>
    </Declaration>
    <Declaration>
        <Class IRI="#pascal"/>
    </Declaration>
    <Declaration>
        <Class IRI="#percent"/>
    </Declaration>
    <Declaration>
        <Class IRI="#pi"/>
    </Declaration>
    <Declaration>
        <Class IRI="#picogram"/>
    </Declaration>
    <Declaration>
        <Class IRI="#picoliter"/>
    </Declaration>
    <Declaration>
        <Class IRI="#picometer"/>
    </Declaration>
    <Declaration>
        <Class IRI="#picomolal"/>
    </Declaration>
    <Declaration>
        <Class IRI="#picomolar"/>
    </Declaration>
    <Declaration>
        <Class IRI="#picomole"/>
    </Declaration>
    <Declaration>
        <Class IRI="#picosecond"/>
    </Declaration>
    <Declaration>
        <Class IRI="#picovolt"/>
    </Declaration>
    <Declaration>
        <Class IRI="#pixels_per_inch"/>
    </Declaration>
    <Declaration>
        <Class IRI="#pixels_per_millimeter"/>
    </Declaration>
    <Declaration>
        <Class IRI="#plane_angle_unit"/>
    </Declaration>
    <Declaration>
        <Class IRI="#plaque_forming_unit"/>
    </Declaration>
    <Declaration>
        <Class IRI="#plaque_forming_unit_per_milliliter"/>
    </Declaration>
    <Declaration>
        <Class IRI="#plaque_forming_unit_per_volume"/>
    </Declaration>
    <Declaration>
        <Class IRI="#power_unit"/>
    </Declaration>
    <Declaration>
        <Class IRI="#pressure_unit"/>
    </Declaration>
    <Declaration>
        <Class IRI="#purity_percentage"/>
    </Declaration>
    <Declaration>
        <Class IRI="#rad"/>
    </Declaration>
    <Declaration>
        <Class IRI="#radian"/>
    </Declaration>
    <Declaration>
        <Class IRI="#radian_per_second"/>
    </Declaration>
    <Declaration>
        <Class IRI="#radian_per_second_per_second"/>
    </Declaration>
    <Declaration>
        <Class IRI="#radiance_unit"/>
    </Declaration>
    <Declaration>
        <Class IRI="#radiant_intensity_unit"/>
    </Declaration>
    <Declaration>
        <Class IRI="#radiation_unit"/>
    </Declaration>
    <Declaration>
        <Class IRI="#ratio"/>
    </Declaration>
    <Declaration>
        <Class IRI="#roentgen"/>
    </Declaration>
    <Declaration>
        <Class IRI="#rotational_frequency_unit"/>
    </Declaration>
    <Declaration>
        <Class IRI="#second"/>
    </Declaration>
    <Declaration>
        <Class IRI="#sievert"/>
    </Declaration>
    <Declaration>
        <Class IRI="#solid_angle_unit"/>
    </Declaration>
    <Declaration>
        <Class IRI="#spatial_resolution_unit"/>
    </Declaration>
    <Declaration>
        <Class IRI="#specific_volume_unit"/>
    </Declaration>
    <Declaration>
        <Class IRI="#speed_velocity_unit"/>
    </Declaration>
    <Declaration>
        <Class IRI="#square_centimeter"/>
    </Declaration>
    <Declaration>
        <Class IRI="#square_meter"/>
    </Declaration>
    <Declaration>
        <Class IRI="#square_millimeter"/>
    </Declaration>
    <Declaration>
        <Class IRI="#steradian"/>
    </Declaration>
    <Declaration>
        <Class IRI="#substance_unit"/>
    </Declaration>
    <Declaration>
        <Class IRI="#temperature_derived_unit"/>
    </Declaration>
    <Declaration>
        <Class IRI="#temperature_unit"/>
    </Declaration>
    <Declaration>
        <Class IRI="#tesla"/>
    </Declaration>
    <Declaration>
        <Class IRI="#time_derived_unit"/>
    </Declaration>
    <Declaration>
        <Class IRI="#time_unit"/>
    </Declaration>
    <Declaration>
        <Class IRI="#unit"/>
    </Declaration>
    <Declaration>
        <Class IRI="#unit_of_molality"/>
    </Declaration>
    <Declaration>
        <Class IRI="#unit_of_molarity"/>
    </Declaration>
    <Declaration>
        <Class IRI="#unit_of_normality"/>
    </Declaration>
    <Declaration>
        <Class IRI="#unit_per_liter"/>
    </Declaration>
    <Declaration>
        <Class IRI="#unit_per_milliliter"/>
    </Declaration>
    <Declaration>
        <Class IRI="#unit_per_volume_unit"/>
    </Declaration>
    <Declaration>
        <Class IRI="#volt"/>
    </Declaration>
    <Declaration>
        <Class IRI="#volt_hour"/>
    </Declaration>
    <Declaration>
        <Class IRI="#volume_per_unit_volume"/>
    </Declaration>
    <Declaration>
        <Class IRI="#volume_percentage"/>
    </Declaration>
    <Declaration>
        <Class IRI="#volume_unit"/>
    </Declaration>
    <Declaration>
        <Class IRI="#watt"/>
    </Declaration>
    <Declaration>
        <Class IRI="#watt_hour"/>
    </Declaration>
    <Declaration>
        <Class IRI="#watt_per_square_meter"/>
    </Declaration>
    <Declaration>
        <Class IRI="#watt_per_steradian"/>
    </Declaration>
    <Declaration>
        <Class IRI="#watt_per_steradian_per_square_meter"/>
    </Declaration>
    <Declaration>
        <Class IRI="#weber"/>
    </Declaration>
    <Declaration>
        <Class IRI="#week"/>
    </Declaration>
    <Declaration>
        <Class IRI="#year"/>
    </Declaration>
    <SubClassOf>
        <Class IRI="#Roentgen_equivalent_man"/>
        <Class IRI="#dose_equivalent_unit"/>
    </SubClassOf>
    <SubClassOf>
        <Class IRI="#absorbed_dose_unit"/>
        <Class IRI="#radiation_unit"/>
    </SubClassOf>
    <SubClassOf>
        <Class IRI="#acceleration_unit"/>
        <Class IRI="#derived_unit"/>
    </SubClassOf>
    <SubClassOf>
        <Class IRI="#activity__of_a_radionuclide__unit"/>
        <Class IRI="#radiation_unit"/>
    </SubClassOf>
    <SubClassOf>
        <Class IRI="#ampere"/>
        <Class IRI="#electric_current_unit"/>
    </SubClassOf>
    <SubClassOf>
        <Class IRI="#angle_unit"/>
        <Class IRI="#derived_unit"/>
    </SubClassOf>
    <SubClassOf>
        <Class IRI="#angstrom"/>
        <Class IRI="#length_unit"/>
    </SubClassOf>
    <SubClassOf>
        <Class IRI="#angular_acceleration_unit"/>
        <Class IRI="#derived_unit"/>
    </SubClassOf>
    <SubClassOf>
        <Class IRI="#angular_velocity_unit"/>
        <Class IRI="#derived_unit"/>
    </SubClassOf>
    <SubClassOf>
        <Class IRI="#area_density_unit"/>
        <Class IRI="#density_unit"/>
    </SubClassOf>
    <SubClassOf>
        <Class IRI="#area_unit"/>
        <Class IRI="#derived_unit"/>
    </SubClassOf>
    <SubClassOf>
        <Class IRI="#attomole"/>
        <Class IRI="#substance_unit"/>
    </SubClassOf>
    <SubClassOf>
        <Class IRI="#base_pair"/>
        <Class IRI="#length_unit"/>
    </SubClassOf>
    <SubClassOf>
        <Class IRI="#base_unit"/>
        <Class IRI="#unit"/>
    </SubClassOf>
    <SubClassOf>
        <Class IRI="#becquerel"/>
        <Class IRI="#activity__of_a_radionuclide__unit"/>
    </SubClassOf>
    <SubClassOf>
        <Class IRI="#bit"/>
        <Class IRI="#information_unit"/>
    </SubClassOf>
    <SubClassOf>
        <Class IRI="#byte"/>
        <Class IRI="#information_unit"/>
    </SubClassOf>
    <SubClassOf>
        <Class IRI="#candela"/>
        <Class IRI="#luminous_intensity_unit"/>
    </SubClassOf>
    <SubClassOf>
        <Class IRI="#candela_per_square_meter"/>
        <Class IRI="#luminance_unit"/>
    </SubClassOf>
    <SubClassOf>
        <Class IRI="#catalytic__activity__concentration_unit"/>
        <Class IRI="#concentration_unit"/>
    </SubClassOf>
    <SubClassOf>
        <Class IRI="#catalytic_activity_unit"/>
        <Class IRI="#derived_unit"/>
    </SubClassOf>
    <SubClassOf>
        <Class IRI="#cell_concentration_unit"/>
        <Class IRI="#concentration_unit"/>
    </SubClassOf>
    <SubClassOf>
        <Class IRI="#cells_per_milliliter"/>
        <Class IRI="#cell_concentration_unit"/>
    </SubClassOf>
    <SubClassOf>
        <Class IRI="#centimeter"/>
        <Class IRI="#length_unit"/>
    </SubClassOf>
    <SubClassOf>
        <Class IRI="#century"/>
        <Class IRI="#time_derived_unit"/>
    </SubClassOf>
    <SubClassOf>
        <Class IRI="#chroma_sampling_unit"/>
        <Class IRI="#image_resolution_unit"/>
    </SubClassOf>
    <SubClassOf>
        <Class IRI="#colony_forming_unit"/>
        <Class IRI="#count"/>
    </SubClassOf>
    <SubClassOf>
        <Class IRI="#colony_forming_unit_per_milliliter"/>
        <Class IRI="#colony_forming_unit_per_volume"/>
    </SubClassOf>
    <SubClassOf>
        <Class IRI="#colony_forming_unit_per_volume"/>
        <Class IRI="#concentration_unit"/>
    </SubClassOf>
    <SubClassOf>
        <Class IRI="#concentration_unit"/>
        <Class IRI="#derived_unit"/>
    </SubClassOf>
    <SubClassOf>
        <Class IRI="#confluence_percentage"/>
        <Class IRI="#percent"/>
    </SubClassOf>
    <SubClassOf>
        <Class IRI="#coulomb"/>
        <Class IRI="#electric_charge"/>
    </SubClassOf>
    <SubClassOf>
        <Class IRI="#count"/>
        <Class IRI="#dimensionless_unit"/>
    </SubClassOf>
    <SubClassOf>
        <Class IRI="#counts_per_minute"/>
        <Class IRI="#activity__of_a_radionuclide__unit"/>
    </SubClassOf>
    <SubClassOf>
        <Class IRI="#cubic_centimeter"/>
        <Class IRI="#volume_unit"/>
    </SubClassOf>
    <SubClassOf>
        <Class IRI="#cubic_centimeter_per_mole"/>
        <Class IRI="#molar_volume_unit"/>
    </SubClassOf>
    <SubClassOf>
        <Class IRI="#cubic_decimeter"/>
        <Class IRI="#volume_unit"/>
    </SubClassOf>
    <SubClassOf>
        <Class IRI="#cubic_meter"/>
        <Class IRI="#volume_unit"/>
    </SubClassOf>
    <SubClassOf>
        <Class IRI="#cubic_meter_per_kilogram"/>
        <Class IRI="#specific_volume_unit"/>
    </SubClassOf>
    <SubClassOf>
        <Class IRI="#cubic_meter_per_mole"/>
        <Class IRI="#molar_volume_unit"/>
    </SubClassOf>
    <SubClassOf>
        <Class IRI="#curie"/>
        <Class IRI="#activity__of_a_radionuclide__unit"/>
    </SubClassOf>
    <SubClassOf>
        <Class IRI="#dalton"/>
        <Class IRI="#mass_unit"/>
    </SubClassOf>
    <SubClassOf>
        <Class IRI="#day"/>
        <Class IRI="#time_derived_unit"/>
    </SubClassOf>
    <SubClassOf>
        <Class IRI="#deciliter"/>
        <Class IRI="#volume_unit"/>
    </SubClassOf>
    <SubClassOf>
        <Class IRI="#degree"/>
        <Class IRI="#plane_angle_unit"/>
    </SubClassOf>
    <SubClassOf>
        <Class IRI="#degree_celsius"/>
        <Class IRI="#temperature_derived_unit"/>
    </SubClassOf>
    <SubClassOf>
        <Class IRI="#density_unit"/>
        <Class IRI="#derived_unit"/>
    </SubClassOf>
    <SubClassOf>
        <Class IRI="#derived_unit"/>
        <Class IRI="#unit"/>
    </SubClassOf>
    <SubClassOf>
        <Class IRI="#dimensionless_unit"/>
        <Class IRI="#derived_unit"/>
    </SubClassOf>
    <SubClassOf>
        <Class IRI="#disintegrations_per_minute"/>
        <Class IRI="#activity__of_a_radionuclide__unit"/>
    </SubClassOf>
    <SubClassOf>
        <Class IRI="#disintegrations_per_second"/>
        <Class IRI="#activity__of_a_radionuclide__unit"/>
    </SubClassOf>
    <SubClassOf>
        <Class IRI="#dose_equivalent_unit"/>
        <Class IRI="#radiation_unit"/>
    </SubClassOf>
    <SubClassOf>
        <Class IRI="#dots_per_inch"/>
        <Class IRI="#spatial_resolution_unit"/>
    </SubClassOf>
    <SubClassOf>
        <Class IRI="#dynamic_range_unit"/>
        <Class IRI="#image_resolution_unit"/>
    </SubClassOf>
    <SubClassOf>
        <Class IRI="#einstein_per_square_meter_per_second"/>
        <Class IRI="#irradiance_unit"/>
    </SubClassOf>
    <SubClassOf>
        <Class IRI="#electric_charge"/>
        <Class IRI="#derived_unit"/>
    </SubClassOf>
    <SubClassOf>
        <Class IRI="#electric_current_unit"/>
        <Class IRI="#base_unit"/>
    </SubClassOf>
    <SubClassOf>
        <Class IRI="#electric_potential_difference"/>
        <Class IRI="#derived_unit"/>
    </SubClassOf>
    <SubClassOf>
        <Class IRI="#energy_unit"/>
        <Class IRI="#derived_unit"/>
    </SubClassOf>
    <SubClassOf>
        <Class IRI="#enzyme_unit"/>
        <Class IRI="#catalytic_activity_unit"/>
    </SubClassOf>
    <SubClassOf>
        <Class IRI="#exposure_unit"/>
        <Class IRI="#radiation_unit"/>
    </SubClassOf>
    <SubClassOf>
        <Class IRI="#fahrenheit"/>
        <Class IRI="#temperature_derived_unit"/>
    </SubClassOf>
    <SubClassOf>
        <Class IRI="#femtogram"/>
        <Class IRI="#mass_unit"/>
    </SubClassOf>
    <SubClassOf>
        <Class IRI="#femtoliter"/>
        <Class IRI="#volume_unit"/>
    </SubClassOf>
    <SubClassOf>
        <Class IRI="#femtomolar"/>
        <Class IRI="#unit_of_molarity"/>
    </SubClassOf>
    <SubClassOf>
        <Class IRI="#femtomole"/>
        <Class IRI="#substance_unit"/>
    </SubClassOf>
    <SubClassOf>
        <Class IRI="#foot_candle"/>
        <Class IRI="#illuminance_unit"/>
    </SubClassOf>
    <SubClassOf>
        <Class IRI="#force_unit"/>
        <Class IRI="#derived_unit"/>
    </SubClassOf>
    <SubClassOf>
        <Class IRI="#fraction"/>
        <Class IRI="#ratio"/>
    </SubClassOf>
    <SubClassOf>
        <Class IRI="#frequency_unit"/>
        <Class IRI="#derived_unit"/>
    </SubClassOf>
    <SubClassOf>
        <Class IRI="#gram"/>
        <Class IRI="#mass_unit"/>
    </SubClassOf>
    <SubClassOf>
        <Class IRI="#gram_per_cubic_centimeter"/>
        <Class IRI="#mass_density_unit"/>
    </SubClassOf>
    <SubClassOf>
        <Class IRI="#gram_per_deciliter"/>
        <Class IRI="#mass_density_unit"/>
    </SubClassOf>
    <SubClassOf>
        <Class IRI="#gram_per_liter"/>
        <Class IRI="#mass_density_unit"/>
    </SubClassOf>
    <SubClassOf>
        <Class IRI="#gram_per_milliliter"/>
        <Class IRI="#mass_density_unit"/>
    </SubClassOf>
    <SubClassOf>
        <Class IRI="#gram_per_mole"/>
        <Class IRI="#molar_mass_unit"/>
    </SubClassOf>
    <SubClassOf>
        <Class IRI="#gray"/>
        <Class IRI="#absorbed_dose_unit"/>
    </SubClassOf>
    <SubClassOf>
        <Class IRI="#half_life"/>
        <Class IRI="#time_derived_unit"/>
    </SubClassOf>
    <SubClassOf>
        <Class IRI="#hertz"/>
        <Class IRI="#frequency_unit"/>
    </SubClassOf>
    <SubClassOf>
        <Class IRI="#hour"/>
        <Class IRI="#time_derived_unit"/>
    </SubClassOf>
    <SubClassOf>
        <Class IRI="#illuminance_unit"/>
        <Class IRI="#light_unit"/>
    </SubClassOf>
    <SubClassOf>
        <Class IRI="#image_resolution_unit"/>
        <Class IRI="#information_unit"/>
    </SubClassOf>
    <SubClassOf>
        <Class IRI="#information_unit"/>
        <Class IRI="#derived_unit"/>
    </SubClassOf>
    <SubClassOf>
        <Class IRI="#irradiance_unit"/>
        <Class IRI="#light_unit"/>
    </SubClassOf>
    <SubClassOf>
        <Class IRI="#joule"/>
        <Class IRI="#energy_unit"/>
    </SubClassOf>
    <SubClassOf>
        <Class IRI="#katal"/>
        <Class IRI="#catalytic_activity_unit"/>
    </SubClassOf>
    <SubClassOf>
        <Class IRI="#katal_per_cubic_meter"/>
        <Class IRI="#catalytic__activity__concentration_unit"/>
    </SubClassOf>
    <SubClassOf>
        <Class IRI="#katal_per_liter"/>
        <Class IRI="#catalytic__activity__concentration_unit"/>
    </SubClassOf>
    <SubClassOf>
        <Class IRI="#kelvin"/>
        <Class IRI="#temperature_unit"/>
    </SubClassOf>
    <SubClassOf>
        <Class IRI="#kibibyte"/>
        <Class IRI="#information_unit"/>
    </SubClassOf>
    <SubClassOf>
        <Class IRI="#kilobyte"/>
        <Class IRI="#information_unit"/>
    </SubClassOf>
    <SubClassOf>
        <Class IRI="#kilodalton"/>
        <Class IRI="#mass_unit"/>
    </SubClassOf>
    <SubClassOf>
        <Class IRI="#kilogram"/>
        <Class IRI="#mass_unit"/>
    </SubClassOf>
    <SubClassOf>
        <Class IRI="#kilogram_meter_per_second"/>
        <Class IRI="#momentum_unit"/>
    </SubClassOf>
    <SubClassOf>
        <Class IRI="#kilogram_per_cubic_meter"/>
        <Class IRI="#mass_density_unit"/>
    </SubClassOf>
    <SubClassOf>
        <Class IRI="#kilogram_per_liter"/>
        <Class IRI="#mass_density_unit"/>
    </SubClassOf>
    <SubClassOf>
        <Class IRI="#kilogram_per_meter"/>
        <Class IRI="#linear_density_unit"/>
    </SubClassOf>
    <SubClassOf>
        <Class IRI="#kilogram_per_mole"/>
        <Class IRI="#molar_mass_unit"/>
    </SubClassOf>
    <SubClassOf>
        <Class IRI="#kilogram_per_square_meter"/>
        <Class IRI="#area_density_unit"/>
    </SubClassOf>
    <SubClassOf>
        <Class IRI="#kilovolt"/>
        <Class IRI="#electric_potential_difference"/>
    </SubClassOf>
    <SubClassOf>
        <Class IRI="#kilovolt_hour"/>
        <Class IRI="#magnetic_flux"/>
    </SubClassOf>
    <SubClassOf>
        <Class IRI="#kilowatt_hour"/>
        <Class IRI="#energy_unit"/>
    </SubClassOf>
    <SubClassOf>
        <Class IRI="#length_unit"/>
        <Class IRI="#base_unit"/>
    </SubClassOf>
    <SubClassOf>
        <Class IRI="#light_unit"/>
        <Class IRI="#derived_unit"/>
    </SubClassOf>
    <SubClassOf>
        <Class IRI="#linear_density_unit"/>
        <Class IRI="#density_unit"/>
    </SubClassOf>
    <SubClassOf>
        <Class IRI="#liter"/>
        <Class IRI="#volume_unit"/>
    </SubClassOf>
    <SubClassOf>
        <Class IRI="#liter_per_kilogram"/>
        <Class IRI="#specific_volume_unit"/>
    </SubClassOf>
    <SubClassOf>
        <Class IRI="#lumen"/>
        <Class IRI="#luminous_flux_unit"/>
    </SubClassOf>
    <SubClassOf>
        <Class IRI="#luminance_unit"/>
        <Class IRI="#light_unit"/>
    </SubClassOf>
    <SubClassOf>
        <Class IRI="#luminous_flux_unit"/>
        <Class IRI="#light_unit"/>
    </SubClassOf>
    <SubClassOf>
        <Class IRI="#luminous_intensity_unit"/>
        <Class IRI="#base_unit"/>
    </SubClassOf>
    <SubClassOf>
        <Class IRI="#lux"/>
        <Class IRI="#illuminance_unit"/>
    </SubClassOf>
    <SubClassOf>
        <Class IRI="#magnetic_flux"/>
        <Class IRI="#derived_unit"/>
    </SubClassOf>
    <SubClassOf>
        <Class IRI="#magnetic_flux_density"/>
        <Class IRI="#derived_unit"/>
    </SubClassOf>
    <SubClassOf>
        <Class IRI="#mass_density_unit"/>
        <Class IRI="#density_unit"/>
    </SubClassOf>
    <SubClassOf>
        <Class IRI="#mass_per_unit_volume"/>
        <Class IRI="#concentration_unit"/>
    </SubClassOf>
    <SubClassOf>
        <Class IRI="#mass_percentage"/>
        <Class IRI="#concentration_unit"/>
    </SubClassOf>
    <SubClassOf>
        <Class IRI="#mass_percentage"/>
        <Class IRI="#percent"/>
    </SubClassOf>
    <SubClassOf>
        <Class IRI="#mass_unit"/>
        <Class IRI="#base_unit"/>
    </SubClassOf>
    <SubClassOf>
        <Class IRI="#mass_volume_percentage"/>
        <Class IRI="#concentration_unit"/>
    </SubClassOf>
    <SubClassOf>
        <Class IRI="#mass_volume_percentage"/>
        <Class IRI="#percent"/>
    </SubClassOf>
    <SubClassOf>
        <Class IRI="#mebibyte"/>
        <Class IRI="#information_unit"/>
    </SubClassOf>
    <SubClassOf>
        <Class IRI="#megabyte"/>
        <Class IRI="#information_unit"/>
    </SubClassOf>
    <SubClassOf>
        <Class IRI="#megavolt"/>
        <Class IRI="#electric_potential_difference"/>
    </SubClassOf>
    <SubClassOf>
        <Class IRI="#meter"/>
        <Class IRI="#length_unit"/>
    </SubClassOf>
    <SubClassOf>
        <Class IRI="#meter_per_second"/>
        <Class IRI="#speed_velocity_unit"/>
    </SubClassOf>
    <SubClassOf>
        <Class IRI="#meter_per_second_per_second"/>
        <Class IRI="#acceleration_unit"/>
    </SubClassOf>
    <SubClassOf>
        <Class IRI="#microampere"/>
        <Class IRI="#electric_current_unit"/>
    </SubClassOf>
    <SubClassOf>
        <Class IRI="#microcurie"/>
        <Class IRI="#activity__of_a_radionuclide__unit"/>
    </SubClassOf>
    <SubClassOf>
        <Class IRI="#microeinstein_per_square_meter_per_second"/>
        <Class IRI="#irradiance_unit"/>
    </SubClassOf>
    <SubClassOf>
        <Class IRI="#microgram"/>
        <Class IRI="#mass_unit"/>
    </SubClassOf>
    <SubClassOf>
        <Class IRI="#microgray"/>
        <Class IRI="#absorbed_dose_unit"/>
    </SubClassOf>
    <SubClassOf>
        <Class IRI="#microliter"/>
        <Class IRI="#volume_unit"/>
    </SubClassOf>
    <SubClassOf>
        <Class IRI="#microliter_per_kilogram"/>
        <Class IRI="#specific_volume_unit"/>
    </SubClassOf>
    <SubClassOf>
        <Class IRI="#micrometer"/>
        <Class IRI="#length_unit"/>
    </SubClassOf>
    <SubClassOf>
        <Class IRI="#micromolal"/>
        <Class IRI="#unit_of_molality"/>
    </SubClassOf>
    <SubClassOf>
        <Class IRI="#micromolar"/>
        <Class IRI="#unit_of_molarity"/>
    </SubClassOf>
    <SubClassOf>
        <Class IRI="#micromole"/>
        <Class IRI="#substance_unit"/>
    </SubClassOf>
    <SubClassOf>
        <Class IRI="#micron"/>
        <Class IRI="#spatial_resolution_unit"/>
    </SubClassOf>
    <SubClassOf>
        <Class IRI="#microsecond"/>
        <Class IRI="#time_unit"/>
    </SubClassOf>
    <SubClassOf>
        <Class IRI="#microsievert"/>
        <Class IRI="#dose_equivalent_unit"/>
    </SubClassOf>
    <SubClassOf>
        <Class IRI="#microvolt"/>
        <Class IRI="#electric_potential_difference"/>
    </SubClassOf>
    <SubClassOf>
        <Class IRI="#milliampere"/>
        <Class IRI="#electric_current_unit"/>
    </SubClassOf>
    <SubClassOf>
        <Class IRI="#millicurie"/>
        <Class IRI="#activity__of_a_radionuclide__unit"/>
    </SubClassOf>
    <SubClassOf>
        <Class IRI="#milligram"/>
        <Class IRI="#mass_unit"/>
    </SubClassOf>
    <SubClassOf>
        <Class IRI="#milligram_per_milliliter"/>
        <Class IRI="#mass_density_unit"/>
    </SubClassOf>
    <SubClassOf>
        <Class IRI="#milligray"/>
        <Class IRI="#absorbed_dose_unit"/>
    </SubClassOf>
    <SubClassOf>
        <Class IRI="#milliliter"/>
        <Class IRI="#volume_unit"/>
    </SubClassOf>
    <SubClassOf>
        <Class IRI="#milliliter_per_cubic_meter"/>
        <Class IRI="#volume_per_unit_volume"/>
    </SubClassOf>
    <SubClassOf>
        <Class IRI="#milliliter_per_kilogram"/>
        <Class IRI="#specific_volume_unit"/>
    </SubClassOf>
    <SubClassOf>
        <Class IRI="#milliliter_per_liter"/>
        <Class IRI="#volume_per_unit_volume"/>
    </SubClassOf>
    <SubClassOf>
        <Class IRI="#millimeter"/>
        <Class IRI="#length_unit"/>
    </SubClassOf>
    <SubClassOf>
        <Class IRI="#millimolal"/>
        <Class IRI="#unit_of_molality"/>
    </SubClassOf>
    <SubClassOf>
        <Class IRI="#millimolar"/>
        <Class IRI="#unit_of_molarity"/>
    </SubClassOf>
    <SubClassOf>
        <Class IRI="#millimole"/>
        <Class IRI="#substance_unit"/>
    </SubClassOf>
    <SubClassOf>
        <Class IRI="#millisecond"/>
        <Class IRI="#time_unit"/>
    </SubClassOf>
    <SubClassOf>
        <Class IRI="#millisievert"/>
        <Class IRI="#dose_equivalent_unit"/>
    </SubClassOf>
    <SubClassOf>
        <Class IRI="#millivolt"/>
        <Class IRI="#electric_potential_difference"/>
    </SubClassOf>
    <SubClassOf>
        <Class IRI="#minute"/>
        <Class IRI="#time_derived_unit"/>
    </SubClassOf>
    <SubClassOf>
        <Class IRI="#molal"/>
        <Class IRI="#unit_of_molality"/>
    </SubClassOf>
    <SubClassOf>
        <Class IRI="#molar"/>
        <Class IRI="#unit_of_molarity"/>
    </SubClassOf>
    <SubClassOf>
        <Class IRI="#molar_mass_unit"/>
        <Class IRI="#derived_unit"/>
    </SubClassOf>
    <SubClassOf>
        <Class IRI="#molar_volume_unit"/>
        <Class IRI="#derived_unit"/>
    </SubClassOf>
    <SubClassOf>
        <Class IRI="#mole"/>
        <Class IRI="#substance_unit"/>
    </SubClassOf>
    <SubClassOf>
        <Class IRI="#mole_fraction"/>
        <Class IRI="#concentration_unit"/>
    </SubClassOf>
    <SubClassOf>
        <Class IRI="#mole_fraction"/>
        <Class IRI="#fraction"/>
    </SubClassOf>
    <SubClassOf>
        <Class IRI="#molecule_count"/>
        <Class IRI="#count"/>
    </SubClassOf>
    <SubClassOf>
        <Class IRI="#momentum_unit"/>
        <Class IRI="#derived_unit"/>
    </SubClassOf>
    <SubClassOf>
        <Class IRI="#month"/>
        <Class IRI="#time_derived_unit"/>
    </SubClassOf>
    <SubClassOf>
        <Class IRI="#nanogram"/>
        <Class IRI="#mass_unit"/>
    </SubClassOf>
    <SubClassOf>
        <Class IRI="#nanogray"/>
        <Class IRI="#absorbed_dose_unit"/>
    </SubClassOf>
    <SubClassOf>
        <Class IRI="#nanoliter"/>
        <Class IRI="#volume_unit"/>
    </SubClassOf>
    <SubClassOf>
        <Class IRI="#nanometer"/>
        <Class IRI="#length_unit"/>
    </SubClassOf>
    <SubClassOf>
        <Class IRI="#nanomolal"/>
        <Class IRI="#unit_of_molality"/>
    </SubClassOf>
    <SubClassOf>
        <Class IRI="#nanomolar"/>
        <Class IRI="#unit_of_molarity"/>
    </SubClassOf>
    <SubClassOf>
        <Class IRI="#nanomole"/>
        <Class IRI="#substance_unit"/>
    </SubClassOf>
    <SubClassOf>
        <Class IRI="#nanosecond"/>
        <Class IRI="#time_unit"/>
    </SubClassOf>
    <SubClassOf>
        <Class IRI="#nanosievert"/>
        <Class IRI="#dose_equivalent_unit"/>
    </SubClassOf>
    <SubClassOf>
        <Class IRI="#nanovolt"/>
        <Class IRI="#electric_potential_difference"/>
    </SubClassOf>
    <SubClassOf>
        <Class IRI="#newton"/>
        <Class IRI="#force_unit"/>
    </SubClassOf>
    <SubClassOf>
        <Class IRI="#normal"/>
        <Class IRI="#unit_of_normality"/>
    </SubClassOf>
    <SubClassOf>
        <Class IRI="#one_turn_per_second"/>
        <Class IRI="#rotational_frequency_unit"/>
    </SubClassOf>
    <SubClassOf>
        <Class IRI="#pH"/>
        <Class IRI="#concentration_unit"/>
    </SubClassOf>
    <SubClassOf>
        <Class IRI="#pH"/>
        <Class IRI="#dimensionless_unit"/>
    </SubClassOf>
    <SubClassOf>
        <Class IRI="#parts_per_billion"/>
        <Class IRI="#parts_per_notation"/>
    </SubClassOf>
    <SubClassOf>
        <Class IRI="#parts_per_hundred"/>
        <Class IRI="#parts_per_notation"/>
    </SubClassOf>
    <SubClassOf>
        <Class IRI="#parts_per_million"/>
        <Class IRI="#parts_per_notation"/>
    </SubClassOf>
    <SubClassOf>
        <Class IRI="#parts_per_notation"/>
        <Class IRI="#concentration_unit"/>
    </SubClassOf>
    <SubClassOf>
        <Class IRI="#parts_per_notation"/>
        <Class IRI="#dimensionless_unit"/>
    </SubClassOf>
    <SubClassOf>
        <Class IRI="#parts_per_quadrillion"/>
        <Class IRI="#parts_per_notation"/>
    </SubClassOf>
    <SubClassOf>
        <Class IRI="#parts_per_thousand"/>
        <Class IRI="#parts_per_notation"/>
    </SubClassOf>
    <SubClassOf>
        <Class IRI="#parts_per_trillion"/>
        <Class IRI="#parts_per_notation"/>
    </SubClassOf>
    <SubClassOf>
        <Class IRI="#pascal"/>
        <Class IRI="#pressure_unit"/>
    </SubClassOf>
    <SubClassOf>
        <Class IRI="#percent"/>
        <Class IRI="#ratio"/>
    </SubClassOf>
    <SubClassOf>
        <Class IRI="#pi"/>
        <Class IRI="#dimensionless_unit"/>
    </SubClassOf>
    <SubClassOf>
        <Class IRI="#picogram"/>
        <Class IRI="#mass_unit"/>
    </SubClassOf>
    <SubClassOf>
        <Class IRI="#picoliter"/>
        <Class IRI="#volume_unit"/>
    </SubClassOf>
    <SubClassOf>
        <Class IRI="#picometer"/>
        <Class IRI="#length_unit"/>
    </SubClassOf>
    <SubClassOf>
        <Class IRI="#picomolal"/>
        <Class IRI="#unit_of_molality"/>
    </SubClassOf>
    <SubClassOf>
        <Class IRI="#picomolar"/>
        <Class IRI="#unit_of_molarity"/>
    </SubClassOf>
    <SubClassOf>
        <Class IRI="#picomole"/>
        <Class IRI="#substance_unit"/>
    </SubClassOf>
    <SubClassOf>
        <Class IRI="#picosecond"/>
        <Class IRI="#time_unit"/>
    </SubClassOf>
    <SubClassOf>
        <Class IRI="#picovolt"/>
        <Class IRI="#electric_potential_difference"/>
    </SubClassOf>
    <SubClassOf>
        <Class IRI="#pixels_per_inch"/>
        <Class IRI="#spatial_resolution_unit"/>
    </SubClassOf>
    <SubClassOf>
        <Class IRI="#pixels_per_millimeter"/>
        <Class IRI="#spatial_resolution_unit"/>
    </SubClassOf>
    <SubClassOf>
        <Class IRI="#plane_angle_unit"/>
        <Class IRI="#angle_unit"/>
    </SubClassOf>
    <SubClassOf>
        <Class IRI="#plaque_forming_unit"/>
        <Class IRI="#count"/>
    </SubClassOf>
    <SubClassOf>
        <Class IRI="#plaque_forming_unit_per_milliliter"/>
        <Class IRI="#plaque_forming_unit_per_volume"/>
    </SubClassOf>
    <SubClassOf>
        <Class IRI="#plaque_forming_unit_per_volume"/>
        <Class IRI="#concentration_unit"/>
    </SubClassOf>
    <SubClassOf>
        <Class IRI="#power_unit"/>
        <Class IRI="#derived_unit"/>
    </SubClassOf>
    <SubClassOf>
        <Class IRI="#pressure_unit"/>
        <Class IRI="#derived_unit"/>
    </SubClassOf>
    <SubClassOf>
        <Class IRI="#purity_percentage"/>
        <Class IRI="#percent"/>
    </SubClassOf>
    <SubClassOf>
        <Class IRI="#rad"/>
        <Class IRI="#absorbed_dose_unit"/>
    </SubClassOf>
    <SubClassOf>
        <Class IRI="#radian"/>
        <Class IRI="#plane_angle_unit"/>
    </SubClassOf>
    <SubClassOf>
        <Class IRI="#radian_per_second"/>
        <Class IRI="#angular_velocity_unit"/>
    </SubClassOf>
    <SubClassOf>
        <Class IRI="#radian_per_second_per_second"/>
        <Class IRI="#angular_acceleration_unit"/>
    </SubClassOf>
    <SubClassOf>
        <Class IRI="#radiance_unit"/>
        <Class IRI="#light_unit"/>
    </SubClassOf>
    <SubClassOf>
        <Class IRI="#radiant_intensity_unit"/>
        <Class IRI="#light_unit"/>
    </SubClassOf>
    <SubClassOf>
        <Class IRI="#radiation_unit"/>
        <Class IRI="#derived_unit"/>
    </SubClassOf>
    <SubClassOf>
        <Class IRI="#ratio"/>
        <Class IRI="#dimensionless_unit"/>
    </SubClassOf>
    <SubClassOf>
        <Class IRI="#roentgen"/>
        <Class IRI="#exposure_unit"/>
    </SubClassOf>
    <SubClassOf>
        <Class IRI="#rotational_frequency_unit"/>
        <Class IRI="#derived_unit"/>
    </SubClassOf>
    <SubClassOf>
        <Class IRI="#second"/>
        <Class IRI="#time_unit"/>
    </SubClassOf>
    <SubClassOf>
        <Class IRI="#sievert"/>
        <Class IRI="#dose_equivalent_unit"/>
    </SubClassOf>
    <SubClassOf>
        <Class IRI="#solid_angle_unit"/>
        <Class IRI="#angle_unit"/>
    </SubClassOf>
    <SubClassOf>
        <Class IRI="#spatial_resolution_unit"/>
        <Class IRI="#image_resolution_unit"/>
    </SubClassOf>
    <SubClassOf>
        <Class IRI="#specific_volume_unit"/>
        <Class IRI="#derived_unit"/>
    </SubClassOf>
    <SubClassOf>
        <Class IRI="#speed_velocity_unit"/>
        <Class IRI="#derived_unit"/>
    </SubClassOf>
    <SubClassOf>
        <Class IRI="#square_centimeter"/>
        <Class IRI="#area_unit"/>
    </SubClassOf>
    <SubClassOf>
        <Class IRI="#square_meter"/>
        <Class IRI="#area_unit"/>
    </SubClassOf>
    <SubClassOf>
        <Class IRI="#square_millimeter"/>
        <Class IRI="#area_unit"/>
    </SubClassOf>
    <SubClassOf>
        <Class IRI="#steradian"/>
        <Class IRI="#solid_angle_unit"/>
    </SubClassOf>
    <SubClassOf>
        <Class IRI="#substance_unit"/>
        <Class IRI="#base_unit"/>
    </SubClassOf>
    <SubClassOf>
        <Class IRI="#temperature_derived_unit"/>
        <Class IRI="#derived_unit"/>
    </SubClassOf>
    <SubClassOf>
        <Class IRI="#temperature_unit"/>
        <Class IRI="#base_unit"/>
    </SubClassOf>
    <SubClassOf>
        <Class IRI="#tesla"/>
        <Class IRI="#magnetic_flux_density"/>
    </SubClassOf>
    <SubClassOf>
        <Class IRI="#time_derived_unit"/>
        <Class IRI="#derived_unit"/>
    </SubClassOf>
    <SubClassOf>
        <Class IRI="#time_unit"/>
        <Class IRI="#base_unit"/>
    </SubClassOf>
    <SubClassOf>
        <Class IRI="#unit_of_molality"/>
        <Class IRI="#concentration_unit"/>
    </SubClassOf>
    <SubClassOf>
        <Class IRI="#unit_of_molarity"/>
        <Class IRI="#concentration_unit"/>
    </SubClassOf>
    <SubClassOf>
        <Class IRI="#unit_of_normality"/>
        <Class IRI="#concentration_unit"/>
    </SubClassOf>
    <SubClassOf>
        <Class IRI="#unit_per_liter"/>
        <Class IRI="#unit_per_volume_unit"/>
    </SubClassOf>
    <SubClassOf>
        <Class IRI="#unit_per_milliliter"/>
        <Class IRI="#unit_per_volume_unit"/>
    </SubClassOf>
    <SubClassOf>
        <Class IRI="#unit_per_volume_unit"/>
        <Class IRI="#concentration_unit"/>
    </SubClassOf>
    <SubClassOf>
        <Class IRI="#volt"/>
        <Class IRI="#electric_potential_difference"/>
    </SubClassOf>
    <SubClassOf>
        <Class IRI="#volt_hour"/>
        <Class IRI="#magnetic_flux"/>
    </SubClassOf>
    <SubClassOf>
        <Class IRI="#volume_per_unit_volume"/>
        <Class IRI="#concentration_unit"/>
    </SubClassOf>
    <SubClassOf>
        <Class IRI="#volume_percentage"/>
        <Class IRI="#percent"/>
    </SubClassOf>
    <SubClassOf>
        <Class IRI="#volume_percentage"/>
        <Class IRI="#volume_per_unit_volume"/>
    </SubClassOf>
    <SubClassOf>
        <Class IRI="#volume_unit"/>
        <Class IRI="#derived_unit"/>
    </SubClassOf>
    <SubClassOf>
        <Class IRI="#watt"/>
        <Class IRI="#power_unit"/>
    </SubClassOf>
    <SubClassOf>
        <Class IRI="#watt_hour"/>
        <Class IRI="#energy_unit"/>
    </SubClassOf>
    <SubClassOf>
        <Class IRI="#watt_per_square_meter"/>
        <Class IRI="#irradiance_unit"/>
    </SubClassOf>
    <SubClassOf>
        <Class IRI="#watt_per_steradian"/>
        <Class IRI="#radiant_intensity_unit"/>
    </SubClassOf>
    <SubClassOf>
        <Class IRI="#watt_per_steradian_per_square_meter"/>
        <Class IRI="#radiance_unit"/>
    </SubClassOf>
    <SubClassOf>
        <Class IRI="#weber"/>
        <Class IRI="#magnetic_flux"/>
    </SubClassOf>
    <SubClassOf>
        <Class IRI="#week"/>
        <Class IRI="#time_derived_unit"/>
    </SubClassOf>
    <SubClassOf>
        <Class IRI="#year"/>
        <Class IRI="#time_derived_unit"/>
    </SubClassOf>
</Ontology>



<!-- Generated by the OWL API (version 3.4.8) http://owlapi.sourceforge.net -->

