<?xml version="1.0"?>
<Ontology xmlns="http://www.w3.org/2002/07/owl#"
     xml:base="http://www.ontotext.com/proton/protontop"
     xmlns:rdfs="http://www.w3.org/2000/01/rdf-schema#"
     xmlns:xsd="http://www.w3.org/2001/XMLSchema#"
     xmlns:rdf="http://www.w3.org/1999/02/22-rdf-syntax-ns#"
     xmlns:xml="http://www.w3.org/XML/1998/namespace"
     ontologyIRI="http://www.ontotext.com/proton/protontop">
    <Prefix name="rdf" IRI="http://www.w3.org/1999/02/22-rdf-syntax-ns#"/>
    <Prefix name="rdfs" IRI="http://www.w3.org/2000/01/rdf-schema#"/>
    <Prefix name="xsd" IRI="http://www.w3.org/2001/XMLSchema#"/>
    <Prefix name="owl" IRI="http://www.w3.org/2002/07/owl#"/>
    <Declaration>
        <Class IRI="#Abstract"/>
    </Declaration>
    <Declaration>
        <Class IRI="#Agent"/>
    </Declaration>
    <Declaration>
        <Class IRI="#ContactInformation"/>
    </Declaration>
    <Declaration>
        <Class IRI="#Document"/>
    </Declaration>
    <Declaration>
        <Class IRI="#Entity"/>
    </Declaration>
    <Declaration>
        <Class IRI="#Event"/>
    </Declaration>
    <Declaration>
        <Class IRI="#GeneralTerm"/>
    </Declaration>
    <Declaration>
        <Class IRI="#Group"/>
    </Declaration>
    <Declaration>
        <Class IRI="#Happening"/>
    </Declaration>
    <Declaration>
        <Class IRI="#InformationResource"/>
    </Declaration>
    <Declaration>
        <Class IRI="#JobPosition"/>
    </Declaration>
    <Declaration>
        <Class IRI="#Language"/>
    </Declaration>
    <Declaration>
        <Class IRI="#Location"/>
    </Declaration>
    <Declaration>
        <Class IRI="#Number"/>
    </Declaration>
    <Declaration>
        <Class IRI="#Object"/>
    </Declaration>
    <Declaration>
        <Class IRI="#Organization"/>
    </Declaration>
    <Declaration>
        <Class IRI="#Person"/>
    </Declaration>
    <Declaration>
        <Class IRI="#ProductModel"/>
    </Declaration>
    <Declaration>
        <Class IRI="#Role"/>
    </Declaration>
    <Declaration>
        <Class IRI="#Service"/>
    </Declaration>
    <Declaration>
        <Class IRI="#Situation"/>
    </Declaration>
    <Declaration>
        <Class IRI="#SocialPosition"/>
    </Declaration>
    <Declaration>
        <Class IRI="#Statement"/>
    </Declaration>
    <Declaration>
        <Class IRI="#TimeInterval"/>
    </Declaration>
    <Declaration>
        <Class IRI="#Topic"/>
    </Declaration>
    <Declaration>
        <ObjectProperty IRI="#controls"/>
    </Declaration>
    <Declaration>
        <ObjectProperty IRI="#derivedFromSource"/>
    </Declaration>
    <Declaration>
        <ObjectProperty IRI="#documentAuthor"/>
    </Declaration>
    <Declaration>
        <ObjectProperty IRI="#establishedIn"/>
    </Declaration>
    <Declaration>
        <ObjectProperty IRI="#hasChild"/>
    </Declaration>
    <Declaration>
        <ObjectProperty IRI="#hasContactInfo"/>
    </Declaration>
    <Declaration>
        <ObjectProperty IRI="#hasContributor"/>
    </Declaration>
    <Declaration>
        <ObjectProperty IRI="#hasCreator"/>
    </Declaration>
    <Declaration>
        <ObjectProperty IRI="#hasEmployee"/>
    </Declaration>
    <Declaration>
        <ObjectProperty IRI="#hasLeader"/>
    </Declaration>
    <Declaration>
        <ObjectProperty IRI="#hasMember"/>
    </Declaration>
    <Declaration>
        <ObjectProperty IRI="#hasParent"/>
    </Declaration>
    <Declaration>
        <ObjectProperty IRI="#hasParticipant"/>
    </Declaration>
    <Declaration>
        <ObjectProperty IRI="#hasParticipatingEntity"/>
    </Declaration>
    <Declaration>
        <ObjectProperty IRI="#hasPosition"/>
    </Declaration>
    <Declaration>
        <ObjectProperty IRI="#hasRelative"/>
    </Declaration>
    <Declaration>
        <ObjectProperty IRI="#hasSibling"/>
    </Declaration>
    <Declaration>
        <ObjectProperty IRI="#hasSocialPosition"/>
    </Declaration>
    <Declaration>
        <ObjectProperty IRI="#hasSpouse"/>
    </Declaration>
    <Declaration>
        <ObjectProperty IRI="#hasSubject"/>
    </Declaration>
    <Declaration>
        <ObjectProperty IRI="#holder"/>
    </Declaration>
    <Declaration>
        <ObjectProperty IRI="#inLanguage"/>
    </Declaration>
    <Declaration>
        <ObjectProperty IRI="#involvedEntityIn"/>
    </Declaration>
    <Declaration>
        <ObjectProperty IRI="#involvedIn"/>
    </Declaration>
    <Declaration>
        <ObjectProperty IRI="#isBossOf"/>
    </Declaration>
    <Declaration>
        <ObjectProperty IRI="#isOwnedBy"/>
    </Declaration>
    <Declaration>
        <ObjectProperty IRI="#locatedIn"/>
    </Declaration>
    <Declaration>
        <ObjectProperty IRI="#operatedBy"/>
    </Declaration>
    <Declaration>
        <ObjectProperty IRI="#owns"/>
    </Declaration>
    <Declaration>
        <ObjectProperty IRI="#parentOrganizationOf"/>
    </Declaration>
    <Declaration>
        <ObjectProperty IRI="#partOf"/>
    </Declaration>
    <Declaration>
        <ObjectProperty IRI="#partiallyControls"/>
    </Declaration>
    <Declaration>
        <ObjectProperty IRI="#partiallyOwns"/>
    </Declaration>
    <Declaration>
        <ObjectProperty IRI="#producedBy"/>
    </Declaration>
    <Declaration>
        <ObjectProperty IRI="#registeredIn"/>
    </Declaration>
    <Declaration>
        <ObjectProperty IRI="#roleHolder"/>
    </Declaration>
    <Declaration>
        <ObjectProperty IRI="#roleIn"/>
    </Declaration>
    <Declaration>
        <ObjectProperty IRI="#socialPositionHolder"/>
    </Declaration>
    <Declaration>
        <ObjectProperty IRI="#statedBy"/>
    </Declaration>
    <Declaration>
        <ObjectProperty IRI="#subRegionOf"/>
    </Declaration>
    <Declaration>
        <ObjectProperty IRI="#subTopicOf"/>
    </Declaration>
    <Declaration>
        <ObjectProperty IRI="#subsidiaryOrganizationOf"/>
    </Declaration>
    <Declaration>
        <ObjectProperty IRI="#withinOrganization"/>
    </Declaration>
    <Declaration>
        <DataProperty IRI="#description"/>
    </Declaration>
    <Declaration>
        <DataProperty IRI="#documentAbstract"/>
    </Declaration>
    <Declaration>
        <DataProperty IRI="#documentSubTitle"/>
    </Declaration>
    <Declaration>
        <DataProperty IRI="#doingBusinessAs"/>
    </Declaration>
    <Declaration>
        <DataProperty IRI="#endTime"/>
    </Declaration>
    <Declaration>
        <DataProperty IRI="#establishmentDate"/>
    </Declaration>
    <Declaration>
        <DataProperty IRI="#firstName"/>
    </Declaration>
    <Declaration>
        <DataProperty IRI="#givenName"/>
    </Declaration>
    <Declaration>
        <DataProperty IRI="#hasDate"/>
    </Declaration>
    <Declaration>
        <DataProperty IRI="#hasOldName"/>
    </Declaration>
    <Declaration>
        <DataProperty IRI="#heldFrom"/>
    </Declaration>
    <Declaration>
        <DataProperty IRI="#heldTo"/>
    </Declaration>
    <Declaration>
        <DataProperty IRI="#informationResourceCoverage"/>
    </Declaration>
    <Declaration>
        <DataProperty IRI="#informationResourceIdentifier"/>
    </Declaration>
    <Declaration>
        <DataProperty IRI="#informationResourceRights"/>
    </Declaration>
    <Declaration>
        <DataProperty IRI="#isLegalEntity"/>
    </Declaration>
    <Declaration>
        <DataProperty IRI="#laconicDescription"/>
    </Declaration>
    <Declaration>
        <DataProperty IRI="#lastName"/>
    </Declaration>
    <Declaration>
        <DataProperty IRI="#latitude"/>
    </Declaration>
    <Declaration>
        <DataProperty IRI="#longitude"/>
    </Declaration>
    <Declaration>
        <DataProperty IRI="#mainLabel"/>
    </Declaration>
    <Declaration>
        <DataProperty IRI="#name"/>
    </Declaration>
    <Declaration>
        <DataProperty IRI="#nimaGNSDesignator"/>
    </Declaration>
    <Declaration>
        <DataProperty IRI="#nimaGNSUniqueFeatureIndentifier"/>
    </Declaration>
    <Declaration>
        <DataProperty IRI="#numberOfEmployees"/>
    </Declaration>
    <Declaration>
        <DataProperty IRI="#populationCount"/>
    </Declaration>
    <Declaration>
        <DataProperty IRI="#resourceFormat"/>
    </Declaration>
    <Declaration>
        <DataProperty IRI="#resourceType"/>
    </Declaration>
    <Declaration>
        <DataProperty IRI="#startTime"/>
    </Declaration>
    <Declaration>
        <DataProperty IRI="#title"/>
    </Declaration>
    <Declaration>
        <DataProperty IRI="#validFrom"/>
    </Declaration>
    <Declaration>
        <DataProperty IRI="#validUntil"/>
    </Declaration>
    <SubClassOf>
        <Class IRI="#Abstract"/>
        <Class IRI="#Entity"/>
    </SubClassOf>
    <SubClassOf>
        <Class IRI="#Agent"/>
        <Class IRI="#Object"/>
    </SubClassOf>
    <SubClassOf>
        <Class IRI="#ContactInformation"/>
        <Class IRI="#Abstract"/>
    </SubClassOf>
    <SubClassOf>
        <Class IRI="#Document"/>
        <Class IRI="#InformationResource"/>
    </SubClassOf>
    <SubClassOf>
        <Class IRI="#Event"/>
        <Class IRI="#Happening"/>
    </SubClassOf>
    <SubClassOf>
        <Class IRI="#GeneralTerm"/>
        <Class IRI="#Abstract"/>
    </SubClassOf>
    <SubClassOf>
        <Class IRI="#Group"/>
        <Class IRI="#Agent"/>
    </SubClassOf>
    <SubClassOf>
        <Class IRI="#Happening"/>
        <Class IRI="#Entity"/>
    </SubClassOf>
    <SubClassOf>
        <Class IRI="#InformationResource"/>
        <Class IRI="#Statement"/>
    </SubClassOf>
    <SubClassOf>
        <Class IRI="#JobPosition"/>
        <Class IRI="#SocialPosition"/>
    </SubClassOf>
    <SubClassOf>
        <Class IRI="#Language"/>
        <Class IRI="#Abstract"/>
    </SubClassOf>
    <SubClassOf>
        <Class IRI="#Location"/>
        <Class IRI="#Object"/>
    </SubClassOf>
    <SubClassOf>
        <Class IRI="#Number"/>
        <Class IRI="#Abstract"/>
    </SubClassOf>
    <SubClassOf>
        <Class IRI="#Object"/>
        <Class IRI="#Entity"/>
    </SubClassOf>
    <SubClassOf>
        <Class IRI="#Organization"/>
        <Class IRI="#Group"/>
    </SubClassOf>
    <SubClassOf>
        <Class IRI="#Person"/>
        <Class IRI="#Agent"/>
    </SubClassOf>
    <SubClassOf>
        <Class IRI="#ProductModel"/>
        <Class IRI="#Object"/>
    </SubClassOf>
    <SubClassOf>
        <Class IRI="#Role"/>
        <Class IRI="#Situation"/>
    </SubClassOf>
    <SubClassOf>
        <Class IRI="#Service"/>
        <Class IRI="#Object"/>
    </SubClassOf>
    <SubClassOf>
        <Class IRI="#Situation"/>
        <Class IRI="#Happening"/>
    </SubClassOf>
    <SubClassOf>
        <Class IRI="#SocialPosition"/>
        <Class IRI="#Situation"/>
    </SubClassOf>
    <SubClassOf>
        <Class IRI="#Statement"/>
        <Class IRI="#Object"/>
    </SubClassOf>
    <SubClassOf>
        <Class IRI="#TimeInterval"/>
        <Class IRI="#Happening"/>
    </SubClassOf>
    <SubClassOf>
        <Class IRI="#Topic"/>
        <Class IRI="#Abstract"/>
    </SubClassOf>
    <SubObjectPropertyOf>
        <ObjectProperty IRI="#controls"/>
        <ObjectProperty IRI="#partiallyControls"/>
    </SubObjectPropertyOf>
    <SubObjectPropertyOf>
        <ObjectProperty IRI="#documentAuthor"/>
        <ObjectProperty IRI="#hasCreator"/>
    </SubObjectPropertyOf>
    <SubObjectPropertyOf>
        <ObjectProperty IRI="#establishedIn"/>
        <ObjectProperty IRI="#locatedIn"/>
    </SubObjectPropertyOf>
    <SubObjectPropertyOf>
        <ObjectProperty IRI="#hasChild"/>
        <ObjectProperty IRI="#hasRelative"/>
    </SubObjectPropertyOf>
    <SubObjectPropertyOf>
        <ObjectProperty IRI="#hasCreator"/>
        <ObjectProperty IRI="#hasContributor"/>
    </SubObjectPropertyOf>
    <SubObjectPropertyOf>
        <ObjectProperty IRI="#hasEmployee"/>
        <ObjectProperty IRI="#hasMember"/>
    </SubObjectPropertyOf>
    <SubObjectPropertyOf>
        <ObjectProperty IRI="#hasLeader"/>
        <ObjectProperty IRI="#hasMember"/>
    </SubObjectPropertyOf>
    <SubObjectPropertyOf>
        <ObjectProperty IRI="#hasParent"/>
        <ObjectProperty IRI="#hasRelative"/>
    </SubObjectPropertyOf>
    <SubObjectPropertyOf>
        <ObjectProperty IRI="#hasParticipant"/>
        <ObjectProperty IRI="#hasParticipatingEntity"/>
    </SubObjectPropertyOf>
    <SubObjectPropertyOf>
        <ObjectProperty IRI="#hasSibling"/>
        <ObjectProperty IRI="#hasRelative"/>
    </SubObjectPropertyOf>
    <SubObjectPropertyOf>
        <ObjectProperty IRI="#hasSpouse"/>
        <ObjectProperty IRI="#hasRelative"/>
    </SubObjectPropertyOf>
    <SubObjectPropertyOf>
        <ObjectProperty IRI="#involvedIn"/>
        <ObjectProperty IRI="#involvedEntityIn"/>
    </SubObjectPropertyOf>
    <SubObjectPropertyOf>
        <ObjectProperty IRI="#owns"/>
        <ObjectProperty IRI="#partiallyOwns"/>
    </SubObjectPropertyOf>
    <SubObjectPropertyOf>
        <ObjectProperty IRI="#parentOrganizationOf"/>
        <ObjectProperty IRI="#partiallyControls"/>
    </SubObjectPropertyOf>
    <SubObjectPropertyOf>
        <ObjectProperty IRI="#partiallyOwns"/>
        <ObjectProperty IRI="#partiallyControls"/>
    </SubObjectPropertyOf>
    <SubObjectPropertyOf>
        <ObjectProperty IRI="#registeredIn"/>
        <ObjectProperty IRI="#locatedIn"/>
    </SubObjectPropertyOf>
    <SubObjectPropertyOf>
        <ObjectProperty IRI="#subRegionOf"/>
        <ObjectProperty IRI="#locatedIn"/>
    </SubObjectPropertyOf>
    <SubObjectPropertyOf>
        <ObjectProperty IRI="#subRegionOf"/>
        <ObjectProperty IRI="#partOf"/>
    </SubObjectPropertyOf>
    <SubObjectPropertyOf>
        <ObjectProperty IRI="#subsidiaryOrganizationOf"/>
        <ObjectProperty IRI="#partOf"/>
    </SubObjectPropertyOf>
    <InverseObjectProperties>
        <ObjectProperty IRI="#hasParent"/>
        <ObjectProperty IRI="#hasChild"/>
    </InverseObjectProperties>
    <InverseObjectProperties>
        <ObjectProperty IRI="#hasParticipant"/>
        <ObjectProperty IRI="#involvedIn"/>
    </InverseObjectProperties>
    <InverseObjectProperties>
        <ObjectProperty IRI="#hasParticipatingEntity"/>
        <ObjectProperty IRI="#involvedEntityIn"/>
    </InverseObjectProperties>
    <InverseObjectProperties>
        <ObjectProperty IRI="#hasPosition"/>
        <ObjectProperty IRI="#holder"/>
    </InverseObjectProperties>
    <InverseObjectProperties>
        <ObjectProperty IRI="#hasSocialPosition"/>
        <ObjectProperty IRI="#socialPositionHolder"/>
    </InverseObjectProperties>
    <InverseObjectProperties>
        <ObjectProperty IRI="#parentOrganizationOf"/>
        <ObjectProperty IRI="#subsidiaryOrganizationOf"/>
    </InverseObjectProperties>
    <SymmetricObjectProperty>
        <ObjectProperty IRI="#hasRelative"/>
    </SymmetricObjectProperty>
    <SymmetricObjectProperty>
        <ObjectProperty IRI="#hasSpouse"/>
    </SymmetricObjectProperty>
    <TransitiveObjectProperty>
        <ObjectProperty IRI="#locatedIn"/>
    </TransitiveObjectProperty>
    <TransitiveObjectProperty>
        <ObjectProperty IRI="#parentOrganizationOf"/>
    </TransitiveObjectProperty>
    <TransitiveObjectProperty>
        <ObjectProperty IRI="#partOf"/>
    </TransitiveObjectProperty>
    <TransitiveObjectProperty>
        <ObjectProperty IRI="#subRegionOf"/>
    </TransitiveObjectProperty>
    <TransitiveObjectProperty>
        <ObjectProperty IRI="#subTopicOf"/>
    </TransitiveObjectProperty>
    <ObjectPropertyDomain>
        <ObjectProperty IRI="#derivedFromSource"/>
        <Class IRI="#InformationResource"/>
    </ObjectPropertyDomain>
    <ObjectPropertyDomain>
        <ObjectProperty IRI="#establishedIn"/>
        <Class IRI="#Organization"/>
    </ObjectPropertyDomain>
    <ObjectPropertyDomain>
        <ObjectProperty IRI="#hasContactInfo"/>
        <Class IRI="#Object"/>
    </ObjectPropertyDomain>
    <ObjectPropertyDomain>
        <ObjectProperty IRI="#hasContributor"/>
        <Class IRI="#InformationResource"/>
    </ObjectPropertyDomain>
    <ObjectPropertyDomain>
        <ObjectProperty IRI="#hasMember"/>
        <Class IRI="#Group"/>
    </ObjectPropertyDomain>
    <ObjectPropertyDomain>
        <ObjectProperty IRI="#hasParticipant"/>
        <Class IRI="#Happening"/>
    </ObjectPropertyDomain>
    <ObjectPropertyDomain>
        <ObjectProperty IRI="#hasParticipatingEntity"/>
        <Class IRI="#Happening"/>
    </ObjectPropertyDomain>
    <ObjectPropertyDomain>
        <ObjectProperty IRI="#hasPosition"/>
        <Class IRI="#Person"/>
    </ObjectPropertyDomain>
    <ObjectPropertyDomain>
        <ObjectProperty IRI="#hasRelative"/>
        <Class IRI="#Person"/>
    </ObjectPropertyDomain>
    <ObjectPropertyDomain>
        <ObjectProperty IRI="#hasSocialPosition"/>
        <Class IRI="#Person"/>
    </ObjectPropertyDomain>
    <ObjectPropertyDomain>
        <ObjectProperty IRI="#hasSubject"/>
        <Class IRI="#InformationResource"/>
    </ObjectPropertyDomain>
    <ObjectPropertyDomain>
        <ObjectProperty IRI="#holder"/>
        <Class IRI="#JobPosition"/>
    </ObjectPropertyDomain>
    <ObjectPropertyDomain>
        <ObjectProperty IRI="#inLanguage"/>
        <Class IRI="#InformationResource"/>
    </ObjectPropertyDomain>
    <ObjectPropertyDomain>
        <ObjectProperty IRI="#involvedEntityIn"/>
        <Class IRI="#Entity"/>
    </ObjectPropertyDomain>
    <ObjectPropertyDomain>
        <ObjectProperty IRI="#involvedIn"/>
        <Class IRI="#Agent"/>
    </ObjectPropertyDomain>
    <ObjectPropertyDomain>
        <ObjectProperty IRI="#involvedIn"/>
        <Class IRI="#Entity"/>
    </ObjectPropertyDomain>
    <ObjectPropertyDomain>
        <ObjectProperty IRI="#isBossOf"/>
        <Class IRI="#Person"/>
    </ObjectPropertyDomain>
    <ObjectPropertyDomain>
        <ObjectProperty IRI="#isOwnedBy"/>
        <Class IRI="#Object"/>
    </ObjectPropertyDomain>
    <ObjectPropertyDomain>
        <ObjectProperty IRI="#locatedIn"/>
        <Class IRI="#Entity"/>
    </ObjectPropertyDomain>
    <ObjectPropertyDomain>
        <ObjectProperty IRI="#operatedBy"/>
        <Class IRI="#Service"/>
    </ObjectPropertyDomain>
    <ObjectPropertyDomain>
        <ObjectProperty IRI="#parentOrganizationOf"/>
        <Class IRI="#Organization"/>
    </ObjectPropertyDomain>
    <ObjectPropertyDomain>
        <ObjectProperty IRI="#partOf"/>
        <Class IRI="#Entity"/>
    </ObjectPropertyDomain>
    <ObjectPropertyDomain>
        <ObjectProperty IRI="#partiallyControls"/>
        <Class IRI="#Agent"/>
    </ObjectPropertyDomain>
    <ObjectPropertyDomain>
        <ObjectProperty IRI="#producedBy"/>
        <Class IRI="#ProductModel"/>
    </ObjectPropertyDomain>
    <ObjectPropertyDomain>
        <ObjectProperty IRI="#registeredIn"/>
        <Class IRI="#Organization"/>
    </ObjectPropertyDomain>
    <ObjectPropertyDomain>
        <ObjectProperty IRI="#roleHolder"/>
        <Class IRI="#Role"/>
    </ObjectPropertyDomain>
    <ObjectPropertyDomain>
        <ObjectProperty IRI="#roleIn"/>
        <Class IRI="#Role"/>
    </ObjectPropertyDomain>
    <ObjectPropertyDomain>
        <ObjectProperty IRI="#socialPositionHolder"/>
        <Class IRI="#SocialPosition"/>
    </ObjectPropertyDomain>
    <ObjectPropertyDomain>
        <ObjectProperty IRI="#statedBy"/>
        <Class IRI="#Statement"/>
    </ObjectPropertyDomain>
    <ObjectPropertyDomain>
        <ObjectProperty IRI="#subRegionOf"/>
        <Class IRI="#Location"/>
    </ObjectPropertyDomain>
    <ObjectPropertyDomain>
        <ObjectProperty IRI="#subTopicOf"/>
        <Class IRI="#Topic"/>
    </ObjectPropertyDomain>
    <ObjectPropertyDomain>
        <ObjectProperty IRI="#subsidiaryOrganizationOf"/>
        <Class IRI="#Organization"/>
    </ObjectPropertyDomain>
    <ObjectPropertyDomain>
        <ObjectProperty IRI="#withinOrganization"/>
        <Class IRI="#JobPosition"/>
    </ObjectPropertyDomain>
    <ObjectPropertyRange>
        <ObjectProperty IRI="#derivedFromSource"/>
        <Class IRI="#InformationResource"/>
    </ObjectPropertyRange>
    <ObjectPropertyRange>
        <ObjectProperty IRI="#documentAuthor"/>
        <Class IRI="#Agent"/>
    </ObjectPropertyRange>
    <ObjectPropertyRange>
        <ObjectProperty IRI="#hasContactInfo"/>
        <Class IRI="#ContactInformation"/>
    </ObjectPropertyRange>
    <ObjectPropertyRange>
        <ObjectProperty IRI="#hasContributor"/>
        <Class IRI="#Agent"/>
    </ObjectPropertyRange>
    <ObjectPropertyRange>
        <ObjectProperty IRI="#hasEmployee"/>
        <Class IRI="#Person"/>
    </ObjectPropertyRange>
    <ObjectPropertyRange>
        <ObjectProperty IRI="#hasLeader"/>
        <Class IRI="#Person"/>
    </ObjectPropertyRange>
    <ObjectPropertyRange>
        <ObjectProperty IRI="#hasMember"/>
        <Class IRI="#Agent"/>
    </ObjectPropertyRange>
    <ObjectPropertyRange>
        <ObjectProperty IRI="#hasParticipant"/>
        <Class IRI="#Agent"/>
    </ObjectPropertyRange>
    <ObjectPropertyRange>
        <ObjectProperty IRI="#hasParticipatingEntity"/>
        <Class IRI="#Entity"/>
    </ObjectPropertyRange>
    <ObjectPropertyRange>
        <ObjectProperty IRI="#hasPosition"/>
        <Class IRI="#JobPosition"/>
    </ObjectPropertyRange>
    <ObjectPropertyRange>
        <ObjectProperty IRI="#hasRelative"/>
        <Class IRI="#Person"/>
    </ObjectPropertyRange>
    <ObjectPropertyRange>
        <ObjectProperty IRI="#hasSocialPosition"/>
        <Class IRI="#SocialPosition"/>
    </ObjectPropertyRange>
    <ObjectPropertyRange>
        <ObjectProperty IRI="#hasSubject"/>
        <Class IRI="#Topic"/>
    </ObjectPropertyRange>
    <ObjectPropertyRange>
        <ObjectProperty IRI="#holder"/>
        <Class IRI="#Person"/>
    </ObjectPropertyRange>
    <ObjectPropertyRange>
        <ObjectProperty IRI="#inLanguage"/>
        <Class IRI="#Language"/>
    </ObjectPropertyRange>
    <ObjectPropertyRange>
        <ObjectProperty IRI="#involvedEntityIn"/>
        <Class IRI="#Happening"/>
    </ObjectPropertyRange>
    <ObjectPropertyRange>
        <ObjectProperty IRI="#involvedIn"/>
        <Class IRI="#Happening"/>
    </ObjectPropertyRange>
    <ObjectPropertyRange>
        <ObjectProperty IRI="#isBossOf"/>
        <Class IRI="#Person"/>
    </ObjectPropertyRange>
    <ObjectPropertyRange>
        <ObjectProperty IRI="#isOwnedBy"/>
        <Class IRI="#Agent"/>
    </ObjectPropertyRange>
    <ObjectPropertyRange>
        <ObjectProperty IRI="#locatedIn"/>
        <Class IRI="#Location"/>
    </ObjectPropertyRange>
    <ObjectPropertyRange>
        <ObjectProperty IRI="#operatedBy"/>
        <Class IRI="#Agent"/>
    </ObjectPropertyRange>
    <ObjectPropertyRange>
        <ObjectProperty IRI="#parentOrganizationOf"/>
        <Class IRI="#Organization"/>
    </ObjectPropertyRange>
    <ObjectPropertyRange>
        <ObjectProperty IRI="#partOf"/>
        <Class IRI="#Entity"/>
    </ObjectPropertyRange>
    <ObjectPropertyRange>
        <ObjectProperty IRI="#partiallyControls"/>
        <Class IRI="#Object"/>
    </ObjectPropertyRange>
    <ObjectPropertyRange>
        <ObjectProperty IRI="#producedBy"/>
        <Class IRI="#Agent"/>
    </ObjectPropertyRange>
    <ObjectPropertyRange>
        <ObjectProperty IRI="#roleHolder"/>
        <Class IRI="#Entity"/>
    </ObjectPropertyRange>
    <ObjectPropertyRange>
        <ObjectProperty IRI="#roleIn"/>
        <Class IRI="#Happening"/>
    </ObjectPropertyRange>
    <ObjectPropertyRange>
        <ObjectProperty IRI="#socialPositionHolder"/>
        <Class IRI="#Person"/>
    </ObjectPropertyRange>
    <ObjectPropertyRange>
        <ObjectProperty IRI="#statedBy"/>
        <Class IRI="#Agent"/>
    </ObjectPropertyRange>
    <ObjectPropertyRange>
        <ObjectProperty IRI="#subTopicOf"/>
        <Class IRI="#Topic"/>
    </ObjectPropertyRange>
    <ObjectPropertyRange>
        <ObjectProperty IRI="#subsidiaryOrganizationOf"/>
        <Class IRI="#Organization"/>
    </ObjectPropertyRange>
    <ObjectPropertyRange>
        <ObjectProperty IRI="#withinOrganization"/>
        <Class IRI="#Organization"/>
    </ObjectPropertyRange>
    <SubDataPropertyOf>
        <DataProperty IRI="#documentAbstract"/>
        <DataProperty IRI="#description"/>
    </SubDataPropertyOf>
    <SubDataPropertyOf>
        <DataProperty IRI="#documentSubTitle"/>
        <DataProperty IRI="#laconicDescription"/>
    </SubDataPropertyOf>
    <SubDataPropertyOf>
        <DataProperty IRI="#doingBusinessAs"/>
        <DataProperty IRI="#name"/>
    </SubDataPropertyOf>
    <SubDataPropertyOf>
        <DataProperty IRI="#firstName"/>
        <DataProperty IRI="#name"/>
    </SubDataPropertyOf>
    <SubDataPropertyOf>
        <DataProperty IRI="#givenName"/>
        <DataProperty IRI="#name"/>
    </SubDataPropertyOf>
    <SubDataPropertyOf>
        <DataProperty IRI="#hasOldName"/>
        <DataProperty IRI="#name"/>
    </SubDataPropertyOf>
    <SubDataPropertyOf>
        <DataProperty IRI="#heldFrom"/>
        <DataProperty IRI="#startTime"/>
    </SubDataPropertyOf>
    <SubDataPropertyOf>
        <DataProperty IRI="#heldTo"/>
        <DataProperty IRI="#endTime"/>
    </SubDataPropertyOf>
    <SubDataPropertyOf>
        <DataProperty IRI="#laconicDescription"/>
        <DataProperty IRI="#description"/>
    </SubDataPropertyOf>
    <SubDataPropertyOf>
        <DataProperty IRI="#lastName"/>
        <DataProperty IRI="#name"/>
    </SubDataPropertyOf>
    <SubDataPropertyOf>
        <DataProperty IRI="#title"/>
        <DataProperty IRI="#name"/>
    </SubDataPropertyOf>
    <DataPropertyDomain>
        <DataProperty IRI="#description"/>
        <Class IRI="#Entity"/>
    </DataPropertyDomain>
    <DataPropertyDomain>
        <DataProperty IRI="#documentAbstract"/>
        <Class IRI="#Document"/>
    </DataPropertyDomain>
    <DataPropertyDomain>
        <DataProperty IRI="#documentSubTitle"/>
        <Class IRI="#Document"/>
    </DataPropertyDomain>
    <DataPropertyDomain>
        <DataProperty IRI="#doingBusinessAs"/>
        <Class IRI="#Organization"/>
    </DataPropertyDomain>
    <DataPropertyDomain>
        <DataProperty IRI="#endTime"/>
        <Class IRI="#Happening"/>
    </DataPropertyDomain>
    <DataPropertyDomain>
        <DataProperty IRI="#establishmentDate"/>
        <Class IRI="#Organization"/>
    </DataPropertyDomain>
    <DataPropertyDomain>
        <DataProperty IRI="#firstName"/>
        <Class IRI="#Person"/>
    </DataPropertyDomain>
    <DataPropertyDomain>
        <DataProperty IRI="#givenName"/>
        <Class IRI="#Person"/>
    </DataPropertyDomain>
    <DataPropertyDomain>
        <DataProperty IRI="#hasDate"/>
        <Class IRI="#InformationResource"/>
    </DataPropertyDomain>
    <DataPropertyDomain>
        <DataProperty IRI="#heldFrom"/>
        <Class IRI="#JobPosition"/>
    </DataPropertyDomain>
    <DataPropertyDomain>
        <DataProperty IRI="#heldTo"/>
        <Class IRI="#JobPosition"/>
    </DataPropertyDomain>
    <DataPropertyDomain>
        <DataProperty IRI="#informationResourceCoverage"/>
        <Class IRI="#InformationResource"/>
    </DataPropertyDomain>
    <DataPropertyDomain>
        <DataProperty IRI="#informationResourceIdentifier"/>
        <Class IRI="#InformationResource"/>
    </DataPropertyDomain>
    <DataPropertyDomain>
        <DataProperty IRI="#informationResourceRights"/>
        <Class IRI="#InformationResource"/>
    </DataPropertyDomain>
    <DataPropertyDomain>
        <DataProperty IRI="#isLegalEntity"/>
        <Class IRI="#Agent"/>
    </DataPropertyDomain>
    <DataPropertyDomain>
        <DataProperty IRI="#lastName"/>
        <Class IRI="#Person"/>
    </DataPropertyDomain>
    <DataPropertyDomain>
        <DataProperty IRI="#latitude"/>
        <Class IRI="#Location"/>
    </DataPropertyDomain>
    <DataPropertyDomain>
        <DataProperty IRI="#longitude"/>
        <Class IRI="#Location"/>
    </DataPropertyDomain>
    <DataPropertyDomain>
        <DataProperty IRI="#mainLabel"/>
        <Class IRI="#Entity"/>
    </DataPropertyDomain>
    <DataPropertyDomain>
        <DataProperty IRI="#name"/>
        <Class IRI="#Entity"/>
    </DataPropertyDomain>
    <DataPropertyDomain>
        <DataProperty IRI="#nimaGNSDesignator"/>
        <Class IRI="#Location"/>
    </DataPropertyDomain>
    <DataPropertyDomain>
        <DataProperty IRI="#nimaGNSUniqueFeatureIndentifier"/>
        <Class IRI="#Location"/>
    </DataPropertyDomain>
    <DataPropertyDomain>
        <DataProperty IRI="#numberOfEmployees"/>
        <Class IRI="#Organization"/>
    </DataPropertyDomain>
    <DataPropertyDomain>
        <DataProperty IRI="#populationCount"/>
        <Class IRI="#Location"/>
    </DataPropertyDomain>
    <DataPropertyDomain>
        <DataProperty IRI="#resourceFormat"/>
        <Class IRI="#InformationResource"/>
    </DataPropertyDomain>
    <DataPropertyDomain>
        <DataProperty IRI="#resourceType"/>
        <Class IRI="#InformationResource"/>
    </DataPropertyDomain>
    <DataPropertyDomain>
        <DataProperty IRI="#startTime"/>
        <Class IRI="#Happening"/>
    </DataPropertyDomain>
    <DataPropertyDomain>
        <DataProperty IRI="#title"/>
        <Class IRI="#InformationResource"/>
    </DataPropertyDomain>
    <DataPropertyDomain>
        <DataProperty IRI="#validFrom"/>
        <Class IRI="#Statement"/>
    </DataPropertyDomain>
    <DataPropertyDomain>
        <DataProperty IRI="#validUntil"/>
        <Class IRI="#Statement"/>
    </DataPropertyDomain>
    <DataPropertyRange>
        <DataProperty IRI="#mainLabel"/>
        <Datatype abbreviatedIRI="rdfs:Literal"/>
    </DataPropertyRange>
    <DataPropertyRange>
        <DataProperty IRI="#name"/>
        <Datatype abbreviatedIRI="rdfs:Literal"/>
    </DataPropertyRange>
</Ontology>



<!-- Generated by the OWL API (version 3.4.8) http://owlapi.sourceforge.net -->

